<?xml version="1.0" encoding="UTF-8"?>
<beans xmlns="http://www.springframework.org/schema/beans"
	xmlns:xsi="http://www.w3.org/2001/XMLSchema-instance"
	xmlns:aop="http://www.springframework.org/schema/aop"
	xsi:schemaLocation="http://www.springframework.org/schema/aop http://www.springframework.org/schema/aop/spring-aop.xsd
		http://www.springframework.org/schema/beans http://www.springframework.org/schema/beans/spring-beans.xsd
		http://www.springframework.org/schema/context http://www.springframework.org/schema/context/spring-context.xsd"
	xmlns:context="http://www.springframework.org/schema/context">
	
	<bean id="placeHolderConfig" class="org.springframework.beans.factory.config.PropertyPlaceholderConfigurer">
	   <property name="location" value="data.properties"></property>
	</bean>
	<bean id="p1" class="com.demo.beans.Product">
	   <property name="pid" value="${p1.pid}"></property>
	   <property name="pname" value="${p1.pname}"></property>
	   <property name="qty" value="${p1.qty}"></property>
	   <property name="price" value="${p1.price}"></property>
	</bean>
	<bean id="p2" class="com.demo.beans.Product">
	   <property name="pid" value="${p2.pid}"></property>
	   <property name="pname" value="${p2.pname}"></property>
	   <property name="qty" value="${p2.qty}"></property>
	   <property name="price" value="${p2.price}"></property>
	</bean>
	

</beans>