<?xml version="1.0" encoding="UTF-8"?>
<beans xmlns="http://www.springframework.org/schema/beans"
	xmlns:xsi="http://www.w3.org/2001/XMLSchema-instance"
	xmlns:aop="http://www.springframework.org/schema/aop"
	xsi:schemaLocation="http://www.springframework.org/schema/aop http://www.springframework.org/schema/aop/spring-aop.xsd
		http://www.springframework.org/schema/beans http://www.springframework.org/schema/beans/spring-beans.xsd
		http://www.springframework.org/schema/context http://www.springframework.org/schema/context/spring-context.xsd"
	xmlns:context="http://www.springframework.org/schema/context">
	<bean id="p1" class="com.demo.beans.Player">
	    <property name="pid" value="12"></property>
	    <property name="pname" value="Sachine"></property>
	</bean>
	<bean id="p2" class="com.demo.beans.Player">
	    <property name="pid" value="13"></property>
	    <property name="pname" value="Dhoni"></property>
	</bean>
	<bean id="p3" class="com.demo.beans.Player">
	    <property name="pid" value="14"></property>
	    <property name="pname" value="Virat"></property>
	</bean>
	<bean id="t1" class="com.demo.beans.Team" init-method="myInitMethod" destroy-method="myDestroyMethod">
	    <property name="tid" value="120"></property>
	    <property name="tname" value="CSK"></property>
	    <property name="plist">
	       <list>
	           <ref bean="p1"></ref>
	           <ref bean="p2"></ref>
	           <ref bean="p3"></ref>
	       </list>
	    </property>
	</bean>

</beans>