<?xml version="1.0" encoding="UTF-8"?>
<beans xmlns="http://www.springframework.org/schema/beans"
	xmlns:xsi="http://www.w3.org/2001/XMLSchema-instance"
	xmlns:aop="http://www.springframework.org/schema/aop"
	xmlns:tx="http://www.springframework.org/schema/tx"
	xsi:schemaLocation="http://www.springframework.org/schema/aop http://www.springframework.org/schema/aop/spring-aop.xsd
		http://www.springframework.org/schema/beans http://www.springframework.org/schema/beans/spring-beans.xsd
		http://www.springframework.org/schema/context http://www.springframework.org/schema/context/spring-context.xsd
		http://www.springframework.org/schema/tx http://www.springframework.org/schema/tx/spring-tx-4.3.xsd"
	xmlns:context="http://www.springframework.org/schema/context"
	>
	<context:annotation-config></context:annotation-config>
	<context:component-scan base-package="com.demo"></context:component-scan>
    <tx:annotation-driven />
    <bean id="placeHolderConfig" class="org.springframework.beans.factory.config.PropertyPlaceholderConfigurer">
	     <property name="location" value="data.properties"></property>
	</bean>
    <bean id="ds" class="org.springframework.jdbc.datasource.DriverManagerDataSource">
	    <property name="driverClassName" value="${jdbc.driverclass}"></property>
	     <property name="url" value="${jdbc.url}"></property>
	     <property name="username" value="${jdbc.uname}"></property>
	     <property name="password" value="${jdbc.pass}"></property>
	</bean>
	 <bean id="jdbcTemplate" class="org.springframework.jdbc.core.JdbcTemplate">
      <property name="dataSource" ref="ds"></property>
    </bean>
</beans>