<?xml version="1.0" encoding="UTF-8"?>
<!DOCTYPE hibernate-mapping PUBLIC 
	"-//Hibernate/Hibernate Mapping DTD//EN"
	"http://www.hibernate.org/dtd/hibernate-mapping-3.0.dtd">
  <hibernate-mapping>
     <class name="com.demo.beans.MyUser" table="myuser11">
        <id name="uid">
           <generator class="assigned"></generator>
        
        </id>
        <property name="name" type="string" column="uname" not-null="true"></property>
        <property name="email" type="string"></property>
        <property name="mob" type="string"></property>
     </class>
     
     
    
  </hibernate-mapping>